codigo;nome;idade;email
32;Yoko Q. Hull;91;enim.non.nisi@Duisgravida.co.uk
78;Xenos Mcconnell;39;Nulla.tincidunt.neque@a.com
28;Willa Bates;39;a.scelerisque@rutrummagnaCras.net
29;Wang Hess;82;nisi.nibh.lacinia@quistristiqueac.com
57;Vera Yang;23;ac@etmalesuada.com
20;Ulysses Moreno;88;mi.pede.nonummy@elementumdui.co.uk
15;Ulla Dorsey;26;In.ornare@PhasellusnullaInteger.com
41;Tad G. Mosley;70;enim.Etiam.gravida@blandit.net
61;Stacey Gilmore;46;Morbi@commodoipsumSuspendisse.ca
87;Slade Rios;55;in.hendrerit@a.org
102;Sharon F. Briggs;55;scelerisque.dui.Suspendisse@elementumategestas.edu
8;September B. Mclean;67;Fusce.aliquam@eratEtiam.edu
94;Salvador T. Langley;44;eu.tellus@elitpellentesque.net
14;Ryan G. Adkins;58;eu.augue.porttitor@Nunc.net
24;Ruth S. Ellison;26;facilisis.Suspendisse@elementumduiquis.net
99;Russell Wood;84;Vivamus.non@semut.net
54;Ruby Rollins;95;tristique.neque.venenatis@Fusce.co.uk
81;Ross Key;61;Donec.non.justo@sedduiFusce.edu
9;Rosalyn Cooper;23;est.ac@eleifendegestasSed.edu
63;Renee I. Norris;80;malesuada@auguescelerisquemollis.edu
52;Raymond U. Kirk;36;est.mauris@pedemalesuada.com
90;Quin M. Hutchinson;65;ullamcorper.nisl@maurissapien.co.uk
68;Quemby J. Mckenzie;18;sed.hendrerit@lobortisquispede.ca
44;Philip Barnett;79;magna@non.org
42;Orla Z. Roman;30;ipsum.Phasellus@eleifend.org
12;Orla Vasquez;81;enim.Nunc@ametconsectetueradipiscing.net
66;Mira B. Brown;97;vitae@nonummyFusce.net
96;Melyssa E. Lindsey;53;eleifend@arcuVestibulum.co.uk
70;Maxwell Gilbert;39;sit.amet.orci@fringilla.com
73;Mason Goff;91;dui@Maurisblandit.co.uk
58;Mari A. Dale;74;at@Aliquamornarelibero.co.uk
23;Macey S. Oneill;31;pede@erat.net
97;Lionel R. Waters;46;ut@sitamet.net
47;Lester Stuart;35;urna@nibhAliquam.net
35;Leo M. Carver;83;sagittis@commodo.net
30;Kuame J. Orr;75;Cras.dolor.dolor@atpretium.com
92;Kirsten S. Holder;58;ipsum.porta.elit@penatibusetmagnis.com
62;Kevyn N. Rhodes;19;faucibus@eratEtiam.net
53;Keely Garrison;34;consequat@Duissitamet.ca
6;Keaton Quinn;58;sagittis.semper.Nam@adipiscinglobortis.ca
60;Kaitlin Bradshaw;45;dignissim@ligula.edu
4;Juliana;37;juliana@itau.com
37;Julian M. Erickson;60;a.mi.fringilla@Nuncpulvinar.com
17;Jordan Herman;66;velit.justo@tortordictum.com
103;Joan Y. Henson;78;nulla.Donec@feugiatnecdiam.org
80;Jesse Q. Shepard;71;dolor@nibhsit.ca
85;Jeremy S. Scott;54;libero@consectetuermaurisid.org
22;Jeanette Y. Nixon;25;tempor@Nullamvitaediam.com
79;Jasper A. Alford;26;ligula@dolorFusce.ca
91;Jane O. Pacheco;96;vel@Proinmi.ca
7;Jaden Shelton;21;nibh@egestasSedpharetra.edu
33;Ivor Hughes;89;et.arcu.imperdiet@Nullam.org
69;Ishmael Turner;62;Integer@facilisismagnatellus.com
64;Ishmael B. Houston;31;id@augueacipsum.net
59;Indigo O. Mullins;62;dignissim.Maecenas.ornare@sapien.co.uk
27;Ima X. Grant;60;Integer.id.magna@facilisis.org
11;Ila Q. Velez;79;Nam@tempus.com
95;Hope Wagner;82;velit.eu.sem@sem.edu
34;Hiram Crawford;99;posuere.cubilia.Curae@loremut.com
16;Hillary J. Osborn;44;lobortis.mauris@maurisaliquam.co.uk
45;Heather Rodriguez;58;urna.convallis@massaQuisque.net
1;Gioy;47;jroberto@live.com
38;Gavin Y. Espinoza;60;vitae.erat@urnaet.com
49;Gabriel Horne;99;commodo.at@lorem.org
40;Francis Q. Cherry;81;id.magna@justofaucibus.ca
19;Fallon Wilkinson;19;in.dolor.Fusce@rhoncusProin.net
3;Fabio;27;fabio@itau.com
88;Erich Vance;50;dui.lectus.rutrum@maurisInteger.org
50;Eric Wood;71;rutrum.magna@nostra.net
25;Elvis Morales;96;at@diam.co.uk
43;Ebony Chandler;85;iaculis@auguescelerisque.co.uk
5;Dylan Norris;99;Nunc.ut@necluctus.org
74;Donna P. Huber;79;Cum.sociis.natoque@aliquet.org
46;Derek O. Mcfadden;31;est.Nunc.laoreet@nasceturridiculusmus.ca
18;Derek G. Crane;21;nulla.In@neceleifend.net
26;Darius Hampton;99;a.arcu.Sed@Donecest.net
55;Daphne Odom;86;ornare.egestas@vehiculaet.net
2;Daniela;19;daniela@itau.com
76;Constance Q. Walters;88;sodales@Loremipsum.edu
56;Cole Foreman;69;eget.magna.Suspendisse@tellus.net
71;Ciaran Hammond;35;nulla.magna.malesuada@aliquam.org
100;Cherokee Ratliff;89;sollicitudin@nuncinterdum.org
48;Charles Turner;92;mauris@Nuncac.ca
89;Carson X. Avery;82;Vivamus.molestie@Maurisvelturpis.edu
67;Caleb W. Pitts;72;facilisis@atlacusQuisque.co.uk
104;Brynne Nolan;43;at.sem@aliquamerosturpis.net
86;Branden J. Kelley;93;risus@quisaccumsan.com
31;Bo G. Daniels;51;ipsum.Suspendisse@nec.net
75;Bert D. Hayes;78;ante.bibendum.ullamcorper@velquamdignissim.net
98;Bernard Sims;29;mollis@ridiculus.ca
83;Audrey Estrada;35;enim@ipsumprimisin.com
21;Ashton Wilson;24;felis.Donec@Donecluctusaliquet.net
101;April York;97;euismod@maurisIntegersem.net
51;Aphrodite M. Norman;39;montes@acfacilisis.ca
77;Anastasia M. Moore;95;tellus.faucibus.leo@ligula.co.uk
93;Amena Bowen;77;libero@imperdietnec.co.uk
39;Allegra U. Simmons;84;vestibulum@semPellentesque.co.uk
13;Alfonso C. Christian;32;Duis.mi@Integeraliquamadipiscing.com
10;Alexis M. Villarreal;52;facilisis.facilisis.magna@In.ca
72;Alan H. Cox;18;eu.lacus@convalliserat.com
84;Adrienne U. Mccray;80;metus@tristique.net
65;Addison Noble;89;eu.eleifend.nec@aliquetmolestie.ca
36;Adara O. Odonnell;45;taciti@lorem.net
82;Adam A. Spears;45;et.rutrum.eu@turpis.org
